NYTimes,WashingtonPost,CNN,FoxNews,WallStreet
Trump Starts Off NATO Summit by Calling Allies ‘Delinquent’,"Trump slams Germany, other allies in fiery exchange as NATO summit opens",,Trump tangles with NATO allies as Brussels huddle turns uncomfortable,China Seeks Ways to Retaliate After U.S. Plans New Tariffs
Baltic Nations Worry as Trump Labels NATO Obsolete,"WorldViews: The Russian pipeline to Germany that Trump is so mad about, explained",,Trump's NATO trip shrouded in his continued criticisms of alliance,Fresh Trade Threats Drag on Global Stocks
Trump Falsely Claims It’s ‘Impossible’ for U.S. Farmers to Do Business in Europe,An eclectic cast of advisers and bouts of indecision and drama: Inside the search for a justice ,,"HARRY KAZIANIS: NATO is obsolete, and Trump's delivering that message loud and clear","Analysis: When Will Trade Battles End? Watch Economies, Not Politicians"
Trump Subpoena May Put Nominee’s Legal Theory to the Test,"Trump makes good on threat to China, targets $200 billion more in imports for tariffs",,"America is not the world's piggy bank, Trump tells NATO leaders","21st Century Fox Raises Offer for Sky, Topping Comcast Bid"
"For Midterms, Court Political Drama Plays to Its Audience",China tells the U.S. to stop hurting itself in the trade war,,NEWT GINGRICH: Trump's Supreme pick is all part of his grand plan,The Supreme Court Won’t Stop Executive Overreach
"Kavanaugh on Abortion, Guns, Climate and More",She cut her weekly trash down so much it fits in a tiny jar. Here are her tips.,,"MEDIA BUZZ: Conservatives lukewarm on Kavanaugh, but Trump delivered for his base",What Does Nominee Mean for Roe v. Wade?
‘He Didn’t Recognize Me’: Tearful Scenes as Migrants Reunite,Pencils down: Major colleges drop essay test requirement,,MacCallum presses DNC official on Kavanaugh: 'Your hysteria feels a little misplaced',Rising Gas Prices Raise Concerns for U.S. Economy
Reuniting and Detaining Migrant Families Pose Mental Health Risks (June 22),Leon Panetta and John Negroponte on the future of democracy,,Cops stunned as admitted killer turns himself in 32 years later,"Trump Clashes With Merkel, Other Allies at NATO Summit"
"For Many L.G.B.T. Migrants, No Refuge North of the Border","Believe it or not, Trump just told the truth",,California cops use first-person tweets in bid to solve decades-old cold case,What to Expect From the NATO Summit
"She Is Fighting to Save Her Husband, a Prisoner in Iran",Poor Chuck Schumer,,DNA leads to arrest in a second Washington State cold case involving a murdered young girl,Analysis: Europe Frets Over Trump’s Designs on Global Order
"Freed Soccer Players and Coach Are on the Mend, Thailand Says",Enough with the euphemisms. They’re not ‘family residential centers.’ They’re jails.,,Former UCLA basketball star found dead after posting heartbreaking video,Pfizer to Roll Back Price Increases After Trump Criticism
Pfizer to Defer Some Drug Price Increases After Trump Criticism,An Arkansas man complained about police abuse. Then town officials ruined his life.,,"NFL star running back accused of beating girlfriend, son and using drugs",Pfizer to Reorganize Business Units
Fox Raises Its Bid in Sky Takeover Effort,"Trump is scarred, prickly and needy",,Dwight Clark buried near goal post where he made 'The Catch',Analysis: Drug Supply Chain Feels the Trump Effect
Grants to Help People Sign Up for Health Insurance to Be Cut,Vulnerable Democrats should hope for GOP unity on Kavanaugh,,SHOCKING VIDEO: Crash Clooney walked away from caught on camera,Trump Criticizes Pfizer Price Increases
Russell Simmons Faces New Rape Accusation,"Keep your heads down, U.S. Embassy warns Americans ahead of Trump’ visit to Britain",,George Clooney escapes major injury in Italy motorbike accident,FCC Proposes Rebuilding Comment System After Thousands Revealed as Fake
"How Trump’s Trade War Went From 18 Products to 10,000","Pfizer buckles under pressure from Trump, delays drug price increases",,Star Clooney's series 'Catch-22' to resume production after motorbike accident: report,World Cup Losers: The U.S. and Fox
New Round of U.S.-China Trade War Rattles Global Markets,"Once partners, ‘Game Change’ authors feuding over their shattered franchise",,Lisa Page defies GOP subpoena to talk to lawmakers,Changes to Starwood’s Popular Rewards Card Vex Travelers
U.S. Threatens Tariffs on $200 Billion of Chinese Goods,"In wake of high court ruling, Trump moves to shield administrative law judges ",,"Alan Dershowitz on Kavanaugh fallout, new book","Race Begins for Movie, Book Rights to Thai Cave Rescue"
New Round of U.S.-China Trade War Rattles Global Markets,"‘A miracle, a science, or what’: How the world came together to save 12 boys in a Thai cave",,Lahren: Targeting Roe v. Wade is a mistake,Uber’s HR Chief Leaves After Probe Into Handling of Discrimination Claims
U.S. Threatens Tariffs on $200 Billion of Chinese Goods,"Mighty England, a World Cup Cinderella? The shoe fits for several of its players.",,Mexico president-elect wants his own border police force,"On Broadway, a Chauvinist SpongeBob Message"
New York Today: The ‘Boy Mayor’ of New York,The most shocking moments from ‘The Handmaid’s Tale’ season finale,,NFL star LeSean McCoy accused of beating girlfriend,Judge Orders U.S. to Pick Up Pace of Reuniting Families
New York Today: The ‘Boy Mayor’ of New York,Heartbreaking images of the aftermath of devastating fires in Manila’s overcrowded slums,,Grassley warns Trump can't go too far in trade negotiations,Like Your Steak Aged 36 Months? Try 17 Years
California Today: Are Criminal Justice Reforms Making the State Safer?,Trump’s trade war has started. Who’s been helped and who’s been hurt?,,F.H. BUCKLEY: It's not Bernie Sanders holding the Democrats back - it's Obama,Companies Push New Dads to Take Their Paternity Leave
Hurricane Season Has Begun. Do You Need Flood Insurance?,One of the World Cup’s best goals was even crazier than you thought,,"Britain ambassador deflates hype over Trump baby balloon, calls protest 'irrelevant' and out of touch",Google Faces Multibillion Dollar Antitrust Fine
"Oakland in Their Bones, and in Their Films","Trump team spouses create controversy. Historically, things have been worse.",,WATCH: Protesters yell 'shame' at Ivanka as she attends education and jobs event,"Ford Sales Plummet in China, and New Tariff Hit Is Yet to Come"
The Brain Science Behind All That Spitting,Former Alabama player Les Williams is one of more than 100 suing NCAA over brain injuries,,WWE legend accuses sister-in-law of erasing his late brother's legacy after tragic in-ring death,Former BP CEO to Steer Glencore’s Response to Subpoena
Tournament Brings England Together at a Time of Division,Here are 15 of the week’s best photos,,MSNBC star Chris Matthews slams Trump supporters: 'He's dog-training these people',Bank Earnings Can Beat a Flat Yield Curve
"France, With Flash to Spare, Reaches the World Cup Final",,,Oprah just invested a 'significant' amount in this health-driven restaurant brand,"Amid Market Lull, Investors Pin Hopes on Earnings Boom"
"Cambodia’s Leader Has Opponents, but No Competition",,,"City councilwoman, 48, bites officer's thumb, breaks bone: report",Stronger Economy Brings More Fed Officials on Board With Rate Rises
Solar Plan Shows Divisions in Pacific Northwest,,,"Man, 42, fatally shot wife, three kids in murder-suicide",Morgan Stanley Drops Succession Clue by Elevating CEO Contender
Margaret Hoover and John Avlon on Their Marriage,,,,Stolen Military Drone Documents Found for Sale on Dark Web
New York’s Transplant Situation Is Dire,,,,Pentagon Puts a Price Tag on Military Exercises
Are IDs Meant to Protect Immigrants a Liability?,,,,The All-Boys High School Producing GOP Bigwigs
9 Ways to Get the Most Out of Your Times Subscription,,,,Trump Administration Slashes Funds for ACA Outreach
"New Zealand’s Nurses Plan Walkout, Testing Jacinda Ardern’s Government",,,,How England Rewired Its Soccer DNA
"Thailand, NATO, World Cup: Your Wednesday Briefing",,,,France’s Mbappé Shows Why He Is the Breakout Star
A Lesson in Demonizing Refugees,,,,"Under Threat, Iran’s President Takes Hard Line"
Mastering Chinese-Style Ribs at Home,,,,Deciphering Brexit: Q&A on the Latest Twists and Turns
The Urbane Bookworm: Robert Gottlieb’s Essays,,,,"Daring Rescue Ends With Thai Boys, Coach Safe"
When Black Performers Use Their ‘White Voice’,,,,Czech Premier Reaches Power-Sharing Deal With Communists
Someone Should Tell Trump About America’s High Tariffs,,,,China Plans More Retaliatory Tariffs as Trade Dispute With the U.S. Worsens
What America Gets Out of NATO,,,,NYC Investigative Agency Opens Probe Into Inmate’s Death on Rikers Island
Bruni: The Center Is Sexier Than You Think,,,,"New York City Murders on the Rise in 2018, NYPD Data Shows"
A Day Off From the World,,,,Homeowners Face More Fines as NYC Cracks Down on Airbnb Rentals
A Victory for Mexican Democracy,,,,U.S. Unveils Tariffs on $200 Billion More in Chinese Imports
"For Gays, the Worst Is Yet to Come. Again.",,,,Kavanaugh Woos Senators as Battle Over Court Kicks Off
"In Pakistan, Nawaz Sharif Fights for Survival",,,,What Does Supreme Court Nominee Kavanaugh Mean for Roe v. Wade?
Do You Care About the Rule of Law? Act Like It,,,,"When Will Trade Battles End? Watch Economies, Not Politicians"
"Like Brexit, but More Orange",,,,U.S. Producer Prices Rose in June
Boris Johnson Has Ruined Britain,,,,Words Missing in the Tax Law Give Restaurants Heartburn
"This World Cup, Remember the Russian People",,,,Tim Hortons Tests China’s Appetite for Canadian Coffee
Sign Up for Our World Cup Newsletter »,,,,U.S. Treasury Issues Final Regulations on Inversion Transactions
‘I Couldn’t Tell Anyone’: Women Around the World Reveal Intimate Stories of Abortion,,,,Pfizer to Reorganize Business Units
Copy Edit This! Quiz No. 13,,,,Lawmakers Press Google on Gmail Privacy
‘I Couldn’t Tell Anyone’: Women Around the World Reveal Intimate Stories of Abortion,,,,"Tesla to Build Shanghai Plant, Amping Up Operations in China"
"Homes That Sold for Around $1,500,000",,,,Apple Hands Siri Responsibilities to Executive Poached From Google
Search for Homes for Sale or Rent,,,,Fresh U.S.-China Trade Threats Drag on U.S. Stocks
,,,,Metals Bear Brunt of Trade Concerns
,,,,Oil Slides on Libya’s Returning Supply
,,,,Paul Allen Asks $150 Million for 120 Acres of L.A. Land
,,,,Where Ron ‘Gator’ Guidry Learned to Throw Fast
,,,,Hamptons Home of Playwright Edward Albee Asks $20 Million
,,,,France Advances to the Final
,,,,France’s Mbappé Shows Why He Is the Breakout Star
,,,,Ronaldo to Join Italy’s Juventus in $117 Million Deal
,,,,Photos of the Day: July 10
,,,,The Best Alternatives to the Boring Black Swimsuit
,,,,"With a New Citywide Art Exhibit, Cleveland Hopes to Become the Next Venice"
,,,,Where to Feast on Italy’s Freshest Seafood? These Historic Piers
,,,,"This Summer, Dress Like Hemingway on His Boat"
,,,,Sorrell Outbids WPP to Win MediaMonks
,,,,"WPP, Sorrell Submit Rival Bids for Digital Creative Agency"
,,,,IPG to Acquire Acxiom Division for $2.3 Billion
,,,,The Morning Download: Oil Fields’ Digital Boom Triggers Bust for Roughnecks on the Rig
,,,,Non-Tech Firms Continued to Shed IT Jobs in June: Analysis
,,,,"Getting on the AI Learning Curve: A Pragmatic, Incremental Approach"
,,,,Digital Transformation Could Add New Jobs – Survey
,,,,The Morning Ledger: U.S. Adds Tariffs on Up to $200 Billion of Chinese Imports
,,,,Tax Savings Boost Company Funding for Pensions
,,,,The Morning Risk Report: High Court Nominee Sports Pro-Business Attitude
,,,,U.S. Unit of Spanish Media Firm Pleads Guilty to Bribing Soccer Officials
,,,,"Corruption Currents: New Rules in Europe Already Obsolete, Critics Say"
,,,,"As Trade Tensions Grow, ‘Reshoring’ of U.S. Supply Chains Sputters"
,,,,Trade Tariffs Could Push Shipping to the Edge
,,,,Custom-Parts Marketplace Xometry Raises $25 Million in New Funding
,,,,Chipotle: Why Innovation Won’t Be Easy
,,,,Starbucks: Is It Time to Let China Cool Off?
,,,,Stitch Fix: The Path to Doubled Profit Margins
,,,,10 stupid ways you’re probably wasting money
,,,,Is early retirement possible?
,,,,Everyone should learn these 6 critical money lessons in high school
,,,,Designing a Stylish Guest Room
,,,,New San Francisco Condo Offers Bay Views From 500 Feet Up
,,,,Former Estate of Elizabeth Taylor Hits Market for $15.9M
,,,,What to Do With Excess Cash
,,,,Macallan’s Plan to Dominate the Premium Whiskey Market
,,,,Interiors by Michael S. Smith to Be Auctioned This September
,,,,A Senate Deadline for Kavanaugh
,,,,Is Trump’s Car War a Bluff?
,,,,The Court Tosses Blue States a Life Jacket
,,,,Sign Up for Newsletters and Alerts
,,,,Successful Thai Cave Rescue: A Herculean Team Effort
,,,,What to Expect From NATO's Summit in Brussels
,,,,All Hail Saudi Arabia's First Female Ride-App Drivers
,,,,What Does High Court Nominee Kavanaugh Mean for Roe v. Wade?
,,,,"Boys Saved From Cave Are Healthy, Thai Officials Say"
,,,,"Daring Rescue Ends With Thai Boys, Coach Safe"
,,,,U.S. Unveils Tariffs on $200 Billion More in Chinese Imports
,,,,Oil’s New Technology Spells End of Boom for Roughnecks
,,,,Kavanaugh Woos Senators as Battle Over Court Kicks Off
,,,,Flynn’s Lawyers Say He Won’t Be Joining Consulting Firm
,,,,Why Annuities May Be Safer Than You Think
,,,,U.S.-Stock Funds Rose 3.7% in the Second Quarter but Bonds Drew Cash
,,,,The Hard Task of Taking Car Keys Away From an Older Parent
